,chi2,p-value,dof
Country,385.78410459668106,3.939677195259988e-57,42.0
