,MissingCustomerID,MissingDescription
Quantity,-0.026402050371122216,-0.010112343628817032
UnitPrice,0.014498647826909053,-0.0024160899742767185
CustomerID,,
MissingCustomerID,1.0,0.11825563902133096
MissingDescription,0.11825563902133096,1.0
