,MissingCustomerID,MissingDescription
Quantity,-0.02640205037112221,-0.010112343628817036
UnitPrice,0.014498647826909053,-0.0024160899742767185
CustomerID,,
MissingCustomerID,1.0,0.11825563902133099
MissingDescription,0.11825563902133099,1.0
